job_title,company_name,skills_required
"AI Software Engineer","TechCorp Inc","Deep Learning, AWS, Mathematics, Python, Docker"
"NLP Engineer","Future Systems","Scala, SQL, Linux, Python"
"AI Consultant","Advanced Robotics","MLOps, Java, Tableau, Python"
"NLP Engineer","Cloud AI Solutions","Python, SQL, Computer Vision, Java, Azure"
"Data Analyst","Quantum Computing Inc","Hadoop, Git, Mathematics, Python"
"Autonomous Systems Engineer","Smart Analytics","MLOps, Python, SQL"
"AI Architect","TechCorp Inc","R, Data Visualization, Python, Azure"
"AI Consultant","Predictive Systems","Tableau, Python, TensorFlow"
"AI Senior level Scientist","Advanced Robotics","PyTorch, Python, Data Visualization, GCP"
"Data Engineer","Algorithmic Solutions","Git, Hadoop, R, Python, Spark"
"Head of AI","Cognitive Computing","Python, Scala, NLP, Mathematics, Git"
"ML Ops Engineer","Future Systems","Azure, Python, Computer Vision, Kubernetes, TensorFlow"
"Senior level Scientist","Cloud AI Solutions","Azure, Python, Spark"
"Robotics Engineer","Cognitive Computing","NLP, Scala, Python"
"ML Ops Engineer","Predictive Systems","Tableau, Azure, GCP, Linux, Python"
"AI Architect","TechCorp Inc","Data Visualization, Tableau, AWS, Mathematics, Python"
"Machine Learning Senior level","AI Innovations","Hadoop, Docker, Python, Azure"
"Senior level Scientist","Quantum Computing Inc","Python, Tableau, TensorFlow, AWS"
"Autonomous Systems Engineer","Autonomous Tech","Python, Docker, GCP, Scala"
"Machine Learning Engineer","Advanced Robotics","Git, Linux, Python, TensorFlow, Mathematics"
"AI Specialist","Machine Intelligence Group","Mathematics, Spark, Python, AWS"
"Machine Learning Engineer","Digital Transformation LLC","Python, Scala, Statistics, Git"
"Machine Learning Senior level","Quantum Computing Inc","Hadoop, Python, Kubernetes, Azure"
"Principal Data Scientist","Cognitive Computing","MLOps, Kubernetes, Git, Python"
"ML Ops Engineer","TechCorp Inc","Docker, Python, Git, Kubernetes, Java"
"NLP Engineer","Machine Intelligence Group","Git, MLOps, Hadoop, Python, Spark"
"Principal Data Scientist","AI Innovations","Spark, SQL, Python, Mathematics, Linux"
"Senior level Scientist","Predictive Systems","Hadoop, Spark, Kubernetes, Python"
"Data Analyst","Algorithmic Solutions","Hadoop, Python, TensorFlow, R, Statistics"
"NLP Engineer","Cognitive Computing","Statistics, Python, TensorFlow, PyTorch, Git"
"Machine Learning Senior level","Smart Analytics","Python, AWS, Kubernetes, Deep Learning"
"Computer Vision Engineer","Digital Transformation LLC","SQL, Python, Deep Learning"
"Computer Vision Engineer","Algorithmic Solutions","SQL, Scala, Python"
"Principal Data Scientist","Smart Analytics","Git, SQL, Scala, Python, Computer Vision"
"Machine Learning Engineer","DataVision Ltd","Python, Tableau, Java"
"AI Product Manager","DeepTech Ventures","Statistics, R, Python, TensorFlow"
"AI Software Engineer","Smart Analytics","Spark, Python, Deep Learning, Linux, Java"
"AI Software Engineer","Machine Intelligence Group","Python, TensorFlow, PyTorch"
"Autonomous Systems Engineer","Predictive Systems","Statistics, Python, SQL"
"ML Ops Engineer","Algorithmic Solutions","Hadoop, Azure, Python, R"
"AI Product Manager","Cognitive Computing","Computer Vision, GCP, Azure, SQL, Python"
"Machine Learning Engineer","Machine Intelligence Group","Hadoop, Python, Git, TensorFlow"
"Data Scientist","Algorithmic Solutions","PyTorch, TensorFlow, Hadoop, Python"
"Machine Learning Senior level","Predictive Systems","SQL, MLOps, Python"
"Deep Learning Engineer","AI Innovations","Python, Hadoop, Deep Learning"
"Principal Data Scientist","DeepTech Ventures","TensorFlow, Git, Azure, Python"
"NLP Engineer","DeepTech Ventures","GCP, Python, Computer Vision, Git"
"AI Senior level Scientist","DataVision Ltd","Linux, Python, Scala, Docker"
"Machine Learning Senior level","Smart Analytics","Python, GCP, TensorFlow"
"NLP Engineer","DataVision Ltd","Python, Java, Kubernetes, SQL, NLP"
"AI Software Engineer","Machine Intelligence Group","Deep Learning, Python, NLP"
"ML Ops Engineer","Future Systems","Python, Spark, Hadoop"
"AI Specialist","Smart Analytics","Tableau, GCP, Python"
"AI Software Engineer","Machine Intelligence Group","Python, TensorFlow, GCP, Java"
"Deep Learning Engineer","Smart Analytics","Statistics, TensorFlow, Python"
"NLP Engineer","Algorithmic Solutions","Scala, Python, Data Visualization, Kubernetes, Statistics"
"AI Consultant","Cloud AI Solutions","Deep Learning, Azure, Python"
"NLP Engineer","Autonomous Tech","Python, Spark, TensorFlow"
"Deep Learning Engineer","Machine Intelligence Group","Python, TensorFlow, R"
"AI Specialist","Cloud AI Solutions","Java, Python, Mathematics"
"Data Engineer","Advanced Robotics","Python, TensorFlow, Scala, AWS"
"ML Ops Engineer","Predictive Systems","Java, Python, Deep Learning, Statistics"
"Principal Data Scientist","Future Systems","Linux, PyTorch, TensorFlow, Azure, Python"
"AI Product Manager","Neural Networks Co","MLOps, Python, Linux, NLP"
"AI Specialist","Smart Analytics","Statistics, Python, TensorFlow"
"Data Scientist","Digital Transformation LLC","Python, SQL, Git"
"Machine Learning Senior level","DataVision Ltd","Python, GCP, Docker, Git, Java"
"Data Analyst","DataVision Ltd","Linux, Python, NLP"
"AI Senior level Scientist","TechCorp Inc","Python, Kubernetes, Statistics, TensorFlow"
"Deep Learning Engineer","Algorithmic Solutions","GCP, Deep Learning, Python, MLOps"
"AI Specialist","Machine Intelligence Group","Azure, Python, TensorFlow, Data Visualization"
"Computer Vision Engineer","Autonomous Tech","AWS, Hadoop, Python, Scala, Computer Vision"
"Data Scientist","Predictive Systems","Java, Python, MLOps, Docker"
"ML Ops Engineer","Cognitive Computing","SQL, NLP, Python"
"Senior level Scientist","DeepTech Ventures","Hadoop, Python, Linux, Mathematics"
"AI Senior level Scientist","AI Innovations","Azure, Python, Mathematics"
"Data Scientist","Digital Transformation LLC","Scala, Python, Data Visualization"
"Machine Learning Engineer","Smart Analytics","Git, Statistics, Data Visualization, Python, Scala"
"Deep Learning Engineer","Advanced Robotics","Hadoop, Spark, Tableau, R, Python"
"Senior level Scientist","DataVision Ltd","Python, Mathematics, PyTorch, Spark"
"Data Analyst","Digital Transformation LLC","Java, Azure, Tableau, Python"
"AI Senior level Scientist","Cognitive Computing","Git, Scala, NLP, Python"
"Data Engineer","DeepTech Ventures","PyTorch, Python, Deep Learning, SQL, MLOps"
"AI Product Manager","Digital Transformation LLC","Python, Linux, Tableau, SQL, MLOps"
"Deep Learning Engineer","Neural Networks Co","TensorFlow, Hadoop, Python, Java, Docker"
"AI Product Manager","Autonomous Tech","SQL, Python, GCP"
"Head of AI","DataVision Ltd","Python, GCP, Mathematics, Scala, Deep Learning"
"Machine Learning Senior level","Predictive Systems","GCP, Python, Azure, Scala"
"Senior level Scientist","Predictive Systems","R, Python, Data Visualization, TensorFlow"
"Principal Data Scientist","Smart Analytics","Data Visualization, Scala, Python, SQL, Linux"
"AI Consultant","Cloud AI Solutions","Scala, GCP, MLOps, Python, Computer Vision"
"Data Analyst","Predictive Systems","Scala, Mathematics, MLOps, Python"
"Robotics Engineer","Cognitive Computing","R, Git, Statistics, Spark, Python"
"ML Ops Engineer","Algorithmic Solutions","Docker, Hadoop, PyTorch, Python, Java"
"Deep Learning Engineer","AI Innovations","AWS, R, Python"
"Autonomous Systems Engineer","Quantum Computing Inc","MLOps, Data Visualization, Deep Learning, Python"
"ML Ops Engineer","Quantum Computing Inc","GCP, R, Python, Kubernetes"
"Machine Learning Senior level","Neural Networks Co","Azure, Python, Data Visualization"
"NLP Engineer","DeepTech Ventures","Spark, Python, Tableau"
"Principal Data Scientist","Quantum Computing Inc","Python, TensorFlow, Git, PyTorch, MLOps"
"Computer Vision Engineer","Predictive Systems","R, Python, Azure, Java"
"Data Analyst","Smart Analytics","Python, Kubernetes, Scala, Linux"
"AI Architect","Neural Networks Co","Git, Python, Scala, AWS"
"Machine Learning Senior level","Digital Transformation LLC","Hadoop, Python, Kubernetes"
"AI Product Manager","Algorithmic Solutions","Git, Python, TensorFlow, SQL"
"Head of AI","Future Systems","Python, Spark, TensorFlow"
"Data Analyst","TechCorp Inc","NLP, SQL, Python"
"Data Scientist","DeepTech Ventures","Docker, Python, Mathematics"
"Data Engineer","Neural Networks Co","Python, TensorFlow, Tableau, Linux, Java"
"Data Scientist","DataVision Ltd","Python, Mathematics, Deep Learning, TensorFlow, AWS"
"AI Senior level Scientist","Cognitive Computing","Python, TensorFlow, Tableau"
"Machine Learning Engineer","DataVision Ltd","Scala, Linux, Python"
"Autonomous Systems Engineer","Digital Transformation LLC","Python, Data Visualization, Azure"
"Robotics Engineer","Algorithmic Solutions","Scala, Python, GCP, AWS"
"Head of AI","Smart Analytics","Python, Hadoop, Azure, Computer Vision"
"NLP Engineer","Machine Intelligence Group","Python, TensorFlow, Linux"
"Data Analyst","Predictive Systems","Kubernetes, Docker, Tableau, Python, Spark"
"Machine Learning Senior level","TechCorp Inc","MLOps, Kubernetes, Python, Computer Vision"
"Machine Learning Engineer","Cloud AI Solutions","TensorFlow, Python, GCP, Java"
"Robotics Engineer","Future Systems","SQL, Scala, AWS, Java, Python"
"AI Product Manager","Autonomous Tech","Python, Statistics, Computer Vision, Azure"
"ML Ops Engineer","DataVision Ltd","Data Visualization, Python, TensorFlow"
"Principal Data Scientist","Advanced Robotics","Git, Spark, MLOps, NLP, Python"
"Data Engineer","Algorithmic Solutions","SQL, GCP, PyTorch, TensorFlow, Python"
"Principal Data Scientist","Neural Networks Co","Python, Computer Vision, Git"
"Head of AI","Predictive Systems","Git, Linux, Python"
"AI Software Engineer","Autonomous Tech","NLP, Python, Scala"
"Robotics Engineer","Algorithmic Solutions","Docker, MLOps, Python, Spark, NLP"
"Data Analyst","Cloud AI Solutions","Python, TensorFlow, AWS, MLOps"
"AI Senior level Scientist","Cloud AI Solutions","R, NLP, Python"
"NLP Engineer","Future Systems","GCP, Linux, Python, TensorFlow, Java"
"AI Software Engineer","Autonomous Tech","Git, SQL, Python, TensorFlow"
"AI Specialist","Digital Transformation LLC","SQL, Python, GCP, R"
"ML Ops Engineer","DataVision Ltd","Docker, Python, TensorFlow, Statistics, PyTorch"
"Machine Learning Engineer","DeepTech Ventures","Python, Spark, Docker, AWS"
"Autonomous Systems Engineer","Autonomous Tech","Scala, Python, NLP"
"AI Architect","Autonomous Tech","Java, Python, Data Visualization, Kubernetes"
"Data Engineer","AI Innovations","Python, TensorFlow, Computer Vision, Hadoop, Kubernetes"
"Data Scientist","Smart Analytics","TensorFlow, Python, Tableau, Hadoop"
"AI Architect","Digital Transformation LLC","Linux, AWS, Git, Python"
"Data Analyst","DataVision Ltd","Python, Data Visualization, Mathematics"
"AI Specialist","Autonomous Tech","Python, TensorFlow, Linux, Java, Kubernetes"
"NLP Engineer","AI Innovations","PyTorch, Scala, Python"
"ML Ops Engineer","Predictive Systems","Azure, Python, NLP, Git, TensorFlow"
"Head of AI","Smart Analytics","Python, TensorFlow, Scala"
"Machine Learning Senior level","DataVision Ltd","Linux, Git, Java, Python, PyTorch"
"Data Scientist","DeepTech Ventures","PyTorch, SQL, Python, R"
"AI Architect","Digital Transformation LLC","Git, Python, PyTorch"
"Data Scientist","Cognitive Computing","Python, Git, TensorFlow, Java"
"NLP Engineer","Algorithmic Solutions","Scala, Python, SQL, GCP"
"Principal Data Scientist","Advanced Robotics","Kubernetes, NLP, Python"
"AI Product Manager","Algorithmic Solutions","Python, TensorFlow, Azure, PyTorch, Deep Learning"
"Principal Data Scientist","Digital Transformation LLC","Mathematics, NLP, Deep Learning, Python"
"Machine Learning Engineer","Smart Analytics","Python, GCP, Data Visualization"
"Senior level Scientist","Predictive Systems","Python, Data Visualization, TensorFlow, GCP"
"ML Ops Engineer","DeepTech Ventures","Python, Git, Computer Vision, TensorFlow"
"Data Scientist","Cognitive Computing","Python, PyTorch, R"
"NLP Engineer","Machine Intelligence Group","Python, Data Visualization, Kubernetes, TensorFlow, Computer Vision"
"Data Engineer","Machine Intelligence Group","Data Visualization, MLOps, Python, TensorFlow"
"AI Architect","TechCorp Inc","Git, Python, NLP, Linux"
"Senior level Scientist","DeepTech Ventures","Spark, Statistics, SQL, Python"
"AI Product Manager","Neural Networks Co","Python, Scala, TensorFlow, Spark, GCP"
"Deep Learning Engineer","Advanced Robotics","Git, Python, Kubernetes"
"Computer Vision Engineer","Machine Intelligence Group","Java, Spark, NLP, Hadoop, Python"
"Data Scientist","TechCorp Inc","R, Python, Data Visualization, TensorFlow"
"Machine Learning Engineer","Autonomous Tech","Hadoop, Python, Computer Vision"
"Principal Data Scientist","Autonomous Tech","Hadoop, Python, Git"
"Machine Learning Engineer","DeepTech Ventures","Python, SQL, Hadoop, Computer Vision"
"Data Scientist","Machine Intelligence Group","Python, Git, TensorFlow"
"AI Specialist","Cloud AI Solutions","R, Tableau, Python, Statistics, Deep Learning"
"AI Software Engineer","Predictive Systems","PyTorch, Python, AWS"
"Senior level Scientist","Smart Analytics","AWS, Python, Tableau"
"Robotics Engineer","Predictive Systems","Python, Statistics, Azure, GCP, TensorFlow"
"AI Software Engineer","Machine Intelligence Group","Tableau, TensorFlow, Linux, Python"
"Data Engineer","Machine Intelligence Group","Deep Learning, GCP, Python"
"Senior level Scientist","Quantum Computing Inc","AWS, NLP, Python, Azure"
"Head of AI","DeepTech Ventures","Python, TensorFlow, Statistics, Scala, Git"
"Head of AI","DeepTech Ventures","Git, Computer Vision, MLOps, Python"
"Head of AI","Smart Analytics","Tableau, Git, Python, TensorFlow, Scala"
"AI Product Manager","Autonomous Tech","Mathematics, Data Visualization, Python, SQL, Spark"
"Computer Vision Engineer","Neural Networks Co","Spark, SQL, Python"
"Head of AI","Cloud AI Solutions","SQL, Python, Azure, Docker, NLP"
"Head of AI","Predictive Systems","Python, Kubernetes, Computer Vision, GCP"
"AI Software Engineer","Quantum Computing Inc","Python, TensorFlow, Git"
"Autonomous Systems Engineer","Algorithmic Solutions","SQL, Java, Python"
"AI Software Engineer","Machine Intelligence Group","Scala, Data Visualization, Python, MLOps, Azure"
"Head of AI","Autonomous Tech","Git, Linux, Kubernetes, Statistics, Python"
"Autonomous Systems Engineer","DeepTech Ventures","Python, PyTorch, R, Hadoop, Docker"
"AI Product Manager","Machine Intelligence Group","Mathematics, Python, Kubernetes"
"AI Architect","Digital Transformation LLC","Python, Linux, Hadoop"
"AI Architect","Future Systems","Python, Docker, SQL, AWS, Scala"
"ML Ops Engineer","Quantum Computing Inc","Git, Statistics, Python"
"NLP Engineer","Smart Analytics","Python, Hadoop, TensorFlow"
"Data Scientist","Cognitive Computing","Python, GCP, Scala, Tableau, Git"
"ML Ops Engineer","Predictive Systems","Statistics, NLP, Python, Kubernetes"
"NLP Engineer","Future Systems","Linux, Python, Mathematics"
"Autonomous Systems Engineer","Smart Analytics","MLOps, Java, Python, Linux, R"
"Principal Data Scientist","Neural Networks Co","Kubernetes, Python, TensorFlow"
"Robotics Engineer","AI Innovations","Python, Azure, Statistics, GCP"
"Principal Data Scientist","TechCorp Inc","Java, GCP, Python, Mathematics, NLP"
"AI Product Manager","Machine Intelligence Group","Python, Tableau, Linux"
"Deep Learning Engineer","Algorithmic Solutions","Spark, R, Python"
"ML Ops Engineer","Cloud AI Solutions","Python, Linux, Statistics, SQL, Hadoop"
"Data Analyst","Future Systems","R, Java, Python, SQL"
"Senior level Scientist","Neural Networks Co","Kubernetes, Python, Deep Learning"
"Computer Vision Engineer","Smart Analytics","Docker, Python, Computer Vision, PyTorch, Hadoop"
"Autonomous Systems Engineer","DataVision Ltd","Kubernetes, Scala, Python"
"Data Engineer","AI Innovations","GCP, Python, Linux, TensorFlow, Deep Learning"
"Robotics Engineer","Machine Intelligence Group","Hadoop, Scala, Python"
"AI Specialist","TechCorp Inc","Kubernetes, Python, NLP"
"Head of AI","Future Systems","Kubernetes, Python, Deep Learning, Java"
"ML Ops Engineer","Future Systems","MLOps, Kubernetes, Azure, Git, Python"
"AI Software Engineer","Advanced Robotics","Azure, Python, NLP, TensorFlow"
"AI Software Engineer","TechCorp Inc","Python, Spark, TensorFlow, Hadoop"
"Senior level Scientist","Autonomous Tech","Scala, Java, Python, NLP"
"Head of AI","Quantum Computing Inc","AWS, Python, Linux, Scala, TensorFlow"
"Data Analyst","DataVision Ltd","Docker, Hadoop, Python, Tableau"
"AI Software Engineer","Quantum Computing Inc","Java, AWS, Python, Data Visualization, TensorFlow"
"Machine Learning Senior level","Advanced Robotics","Data Visualization, AWS, Python, Kubernetes"
"Autonomous Systems Engineer","Cloud AI Solutions","Python, Kubernetes, SQL"
"ML Ops Engineer","Predictive Systems","GCP, Python, Azure, Linux, Deep Learning"
"AI Architect","AI Innovations","Git, R, Python, Mathematics, Kubernetes"
"AI Product Manager","Machine Intelligence Group","R, Python, Mathematics, Computer Vision"
"Senior level Scientist","Machine Intelligence Group","Python, TensorFlow, Linux"
"Senior level Scientist","Quantum Computing Inc","Hadoop, Git, Python, PyTorch"
"AI Senior level Scientist","Algorithmic Solutions","Python, Git, NLP"
"NLP Engineer","Digital Transformation LLC","Data Visualization, Git, Python, NLP"
"ML Ops Engineer","DataVision Ltd","Python, Linux, Git, PyTorch"
"Machine Learning Senior level","Algorithmic Solutions","PyTorch, Python, NLP, Spark"
"Robotics Engineer","Machine Intelligence Group","Scala, Python, Data Visualization"
"Head of AI","TechCorp Inc","NLP, PyTorch, Python, Mathematics, Docker"
"Computer Vision Engineer","Future Systems","Statistics, Computer Vision, Tableau, Python, TensorFlow"
"Data Analyst","Smart Analytics","Azure, GCP, Python, TensorFlow, PyTorch"
"AI Consultant","Autonomous Tech","Scala, Python, Mathematics, AWS"
"Robotics Engineer","Future Systems","Statistics, NLP, Python, Kubernetes"
"AI Software Engineer","Neural Networks Co","Spark, Java, Python, Statistics"
"AI Specialist","Algorithmic Solutions","Scala, Python, SQL, TensorFlow"
"NLP Engineer","Advanced Robotics","SQL, Deep Learning, Python"
"Deep Learning Engineer","DeepTech Ventures","Tableau, Python, Data Visualization, Statistics"
"AI Senior level Scientist","Advanced Robotics","AWS, MLOps, Scala, Hadoop, Python"
"Autonomous Systems Engineer","Smart Analytics","PyTorch, R, TensorFlow, Python, Hadoop"
"Data Engineer","Predictive Systems","Azure, Python, Linux, Kubernetes, SQL"
"Robotics Engineer","TechCorp Inc","Kubernetes, SQL, GCP, Azure, Python"
"AI Architect","Quantum Computing Inc","Linux, Python, Mathematics"
"AI Consultant","Smart Analytics","MLOps, Python, Git, Kubernetes"
"Senior level Scientist","Neural Networks Co","Python, Kubernetes, Azure, TensorFlow, Java"
"Data Analyst","DataVision Ltd","Linux, Python, MLOps, NLP"
"Deep Learning Engineer","Advanced Robotics","Tableau, TensorFlow, Docker, Python"
"Machine Learning Senior level","AI Innovations","Python, SQL, Kubernetes, Computer Vision, Java"
"Data Scientist","DataVision Ltd","Python, R, Mathematics, Computer Vision"
"Computer Vision Engineer","Cloud AI Solutions","Python, Mathematics, NLP, Kubernetes, Hadoop"
"Machine Learning Engineer","Machine Intelligence Group","Python, TensorFlow, Statistics, Git, Java"
"Data Engineer","Quantum Computing Inc","R, Linux, Python, Computer Vision"
"Data Engineer","Future Systems","Python, TensorFlow, PyTorch, Hadoop"
"Data Scientist","DataVision Ltd","Python, R, MLOps"
"Autonomous Systems Engineer","Cognitive Computing","Python, AWS, Azure, Statistics"
"Data Analyst","TechCorp Inc","Data Visualization, Python, NLP, Mathematics, Kubernetes"
"Head of AI","Cloud AI Solutions","SQL, Python, Computer Vision"
"AI Senior level Scientist","Neural Networks Co","TensorFlow, R, Python, Mathematics"
"Head of AI","DataVision Ltd","Python, Git, GCP, Computer Vision, TensorFlow"
"Autonomous Systems Engineer","TechCorp Inc","GCP, Tableau, Python, Data Visualization, NLP"
"AI Specialist","Algorithmic Solutions","Python, Data Visualization, TensorFlow, Git, Azure"
"AI Product Manager","TechCorp Inc","R, Python, Scala, Linux"
"Autonomous Systems Engineer","DataVision Ltd","Python, SQL, NLP"
"Head of AI","Quantum Computing Inc","TensorFlow, GCP, Kubernetes, Python, Docker"
"ML Ops Engineer","Predictive Systems","Python, Spark, MLOps, Azure, Linux"
"Head of AI","TechCorp Inc","Kubernetes, Python, Data Visualization, Hadoop"
"Data Scientist","Machine Intelligence Group","Deep Learning, SQL, Python, Java"
"Principal Data Scientist","Neural Networks Co","Scala, AWS, Python, TensorFlow"
"Principal Data Scientist","Neural Networks Co","Python, PyTorch, Mathematics"
"AI Senior level Scientist","Cognitive Computing","Mathematics, Python, Spark"
"Autonomous Systems Engineer","Cloud AI Solutions","Spark, Python, MLOps, NLP, TensorFlow"
"Machine Learning Engineer","DataVision Ltd","Python, Docker, Git"
"AI Specialist","TechCorp Inc","Python, Hadoop, Tableau, NLP, Computer Vision"
"Robotics Engineer","AI Innovations","Python, PyTorch, Scala"
"AI Architect","Digital Transformation LLC","Computer Vision, Spark, NLP, Azure, Python"
"AI Senior level Scientist","DataVision Ltd","Python, GCP, NLP"
"AI Senior level Scientist","Algorithmic Solutions","Python, Linux, Kubernetes"
"Deep Learning Engineer","Advanced Robotics","Data Visualization, Python, Docker, AWS, PyTorch"
"Head of AI","Machine Intelligence Group","NLP, Python, Computer Vision, Spark, Docker"
"Principal Data Scientist","Predictive Systems","Scala, Python, Linux"
"Deep Learning Engineer","Digital Transformation LLC","Python, TensorFlow, Mathematics, Statistics, Azure"
"AI Software Engineer","Smart Analytics","AWS, Python, Hadoop, Tableau"
"Data Engineer","Algorithmic Solutions","Python, Java, Mathematics, TensorFlow"
"Head of AI","Digital Transformation LLC","Python, Kubernetes, AWS, Git, Tableau"
"Principal Data Scientist","Advanced Robotics","Python, Docker, AWS"
"AI Architect","Autonomous Tech","SQL, Kubernetes, Tableau, Computer Vision, Python"
"Machine Learning Senior level","DeepTech Ventures","Python, Data Visualization, AWS"
"NLP Engineer","DeepTech Ventures","Statistics, Git, Data Visualization, Deep Learning, Python"
"Data Scientist","DeepTech Ventures","Kubernetes, R, TensorFlow, Python"
"Data Scientist","Algorithmic Solutions","Data Visualization, Statistics, Python, MLOps, Tableau"
"Principal Data Scientist","DeepTech Ventures","MLOps, Java, Python, GCP, NLP"
"AI Architect","Cloud AI Solutions","Python, Git, Linux, NLP"
"Data Analyst","DataVision Ltd","Git, Python, Linux"
"AI Software Engineer","Algorithmic Solutions","TensorFlow, Python, Deep Learning, PyTorch, Hadoop"
"ML Ops Engineer","Cognitive Computing","Statistics, PyTorch, Java, Python, Kubernetes"
"AI Software Engineer","Smart Analytics","Tableau, Java, Linux, Python, Azure"
"Machine Learning Senior level","Digital Transformation LLC","Hadoop, Git, Kubernetes, Python"
"Data Scientist","Neural Networks Co","Python, TensorFlow, AWS, Deep Learning"
"Robotics Engineer","Smart Analytics","Python, TensorFlow, Statistics"
"Autonomous Systems Engineer","TechCorp Inc","SQL, Mathematics, Kubernetes, Python"
"AI Architect","TechCorp Inc","Python, MLOps, SQL, Hadoop, GCP"
"Data Engineer","Quantum Computing Inc","Spark, Deep Learning, Computer Vision, TensorFlow, Python"
"AI Specialist","Future Systems","Deep Learning, Python, Hadoop, MLOps"
"NLP Engineer","Predictive Systems","Python, Linux, Azure, Computer Vision, Deep Learning"
"Data Analyst","DeepTech Ventures","Git, Python, Mathematics"
"NLP Engineer","Algorithmic Solutions","Python, Hadoop, GCP"
"AI Software Engineer","TechCorp Inc","Git, Tableau, Python, MLOps"
"AI Senior level Scientist","Cloud AI Solutions","Java, Python, Hadoop"
"Autonomous Systems Engineer","Smart Analytics","Python, Hadoop, Spark, TensorFlow, Azure"
"Autonomous Systems Engineer","DataVision Ltd","GCP, Python, Mathematics, TensorFlow"
"Head of AI","Quantum Computing Inc","Python, Docker, TensorFlow"
"Autonomous Systems Engineer","Predictive Systems","Python, AWS, TensorFlow, Statistics"
"AI Specialist","TechCorp Inc","Git, Python, AWS"
"AI Specialist","Quantum Computing Inc","Data Visualization, SQL, Azure, AWS, Python"
"AI Consultant","Predictive Systems","Hadoop, Git, Docker, Python"
"Data Engineer","DataVision Ltd","Python, TensorFlow, PyTorch"
"Data Analyst","Predictive Systems","Hadoop, Kubernetes, Python, Deep Learning, AWS"
"Data Analyst","Neural Networks Co","Docker, Python, Computer Vision, NLP"
"ML Ops Engineer","Predictive Systems","Tableau, SQL, Python, Linux"
"Data Scientist","TechCorp Inc","Java, Python, Kubernetes"
"Machine Learning Senior level","AI Innovations","Python, Kubernetes, Deep Learning, Spark"
"Head of AI","Quantum Computing Inc","SQL, PyTorch, Python, Hadoop"
"Machine Learning Engineer","DataVision Ltd","Python, Mathematics, R, Linux, Azure"
"Data Engineer","AI Innovations","Hadoop, Linux, Python, TensorFlow"
"Machine Learning Engineer","DataVision Ltd","Deep Learning, Python, Hadoop"
"AI Product Manager","Predictive Systems","Spark, R, Python"
"Head of AI","TechCorp Inc","Python, Docker, PyTorch"
"Principal Data Scientist","Quantum Computing Inc","Git, Kubernetes, Python, TensorFlow"
"ML Ops Engineer","Predictive Systems","Python, Scala, Computer Vision, TensorFlow"
"AI Senior level Scientist","TechCorp Inc","Computer Vision, Linux, TensorFlow, Kubernetes, Python"
"Data Engineer","Quantum Computing Inc","Linux, Deep Learning, Python, Git, Tableau"
"Machine Learning Senior level","Predictive Systems","Python, TensorFlow, Tableau"
"Machine Learning Engineer","Predictive Systems","Linux, PyTorch, Python"
"Data Analyst","DeepTech Ventures","Python, Linux, Deep Learning"
"AI Architect","TechCorp Inc","Python, Scala, AWS, Docker, Linux"
"Machine Learning Engineer","DeepTech Ventures","GCP, Python, Computer Vision, Azure, Data Visualization"
"Deep Learning Engineer","Advanced Robotics","Scala, Spark, Statistics, Python"
"AI Architect","Smart Analytics","Azure, Tableau, Python"
"Machine Learning Engineer","DataVision Ltd","Azure, Spark, Kubernetes, Python, Hadoop"
"Head of AI","TechCorp Inc","Python, TensorFlow, MLOps, Spark"
"Deep Learning Engineer","Digital Transformation LLC","Hadoop, Python, Azure, Java, GCP"
"AI Senior level Scientist","Algorithmic Solutions","GCP, Linux, Python, TensorFlow"
"Machine Learning Senior level","DataVision Ltd","GCP, Kubernetes, Linux, Python"
"Computer Vision Engineer","Advanced Robotics","Python, Scala, Tableau, Git, Mathematics"
"Senior level Scientist","Quantum Computing Inc","Python, Tableau, AWS, Mathematics"
"Data Scientist","Algorithmic Solutions","Mathematics, Linux, Python, Computer Vision, SQL"
"NLP Engineer","Future Systems","Python, AWS, NLP, Hadoop, Data Visualization"
"AI Senior level Scientist","Advanced Robotics","Python, Hadoop, Data Visualization"
"AI Consultant","Neural Networks Co","Python, Spark, Java"
"ML Ops Engineer","Advanced Robotics","AWS, TensorFlow, Python"
"AI Specialist","Machine Intelligence Group","Scala, Python, Deep Learning, Mathematics"
"AI Architect","DataVision Ltd","Python, Azure, SQL, NLP, Java"
"Computer Vision Engineer","AI Innovations","Python, TensorFlow, PyTorch"
"AI Consultant","AI Innovations","R, Python, Computer Vision, Deep Learning"
"AI Senior level Scientist","Machine Intelligence Group","Scala, Docker, Python, GCP"
"Data Engineer","DataVision Ltd","Tableau, Azure, Hadoop, Python, Statistics"
"AI Architect","Smart Analytics","Docker, Hadoop, Python, Linux, TensorFlow"
"Autonomous Systems Engineer","Autonomous Tech","Statistics, Tableau, Python"
"Deep Learning Engineer","DataVision Ltd","Deep Learning, Spark, Python, MLOps"
"Data Engineer","Future Systems","Python, Java, SQL, NLP, Spark"
"AI Product Manager","DeepTech Ventures","Python, Git, Docker, Linux"
"Computer Vision Engineer","AI Innovations","Java, Python, TensorFlow, NLP"
"AI Senior level Scientist","DeepTech Ventures","Azure, Python, Deep Learning, R, Git"
"AI Architect","TechCorp Inc","AWS, Python, Azure, Statistics"
"Data Scientist","Autonomous Tech","Mathematics, PyTorch, NLP, Python, Kubernetes"
"AI Specialist","Future Systems","Azure, AWS, Data Visualization, Computer Vision, Python"
"AI Architect","TechCorp Inc","Hadoop, Scala, Azure, Computer Vision, Python"
"AI Architect","Machine Intelligence Group","Python, Linux, Spark, SQL, Statistics"
"AI Consultant","AI Innovations","Docker, Python, Deep Learning"
"Head of AI","Neural Networks Co","Git, Python, MLOps, Scala"
"NLP Engineer","Cognitive Computing","Python, Spark, Docker"
"AI Senior level Scientist","Algorithmic Solutions","Java, Python, MLOps, Spark"
"Computer Vision Engineer","Quantum Computing Inc","GCP, Azure, Python"
"Data Analyst","Cloud AI Solutions","Scala, Python, MLOps, AWS, Docker"
"Robotics Engineer","Cloud AI Solutions","Docker, Python, Mathematics"
"Data Scientist","Autonomous Tech","Python, Scala, Kubernetes"
"AI Architect","Advanced Robotics","Scala, Git, Python, Spark, SQL"
"NLP Engineer","Cognitive Computing","Python, Scala, MLOps"
"AI Architect","Cloud AI Solutions","Spark, PyTorch, Python, GCP"
"Principal Data Scientist","Cognitive Computing","Git, Deep Learning, Python, Hadoop, Mathematics"
"AI Consultant","AI Innovations","PyTorch, Python, Mathematics, Deep Learning, Java"
"AI Consultant","Cloud AI Solutions","Git, Python, Mathematics, Statistics, TensorFlow"
"AI Specialist","TechCorp Inc","Python, Kubernetes, Data Visualization, TensorFlow, Scala"
"Machine Learning Senior level","DeepTech Ventures","Java, Python, GCP, MLOps, Azure"
"Deep Learning Engineer","DataVision Ltd","Tableau, Python, MLOps, Spark, Mathematics"
"Principal Data Scientist","Algorithmic Solutions","Deep Learning, Hadoop, Python"
"AI Software Engineer","Digital Transformation LLC","Hadoop, AWS, Python, GCP"
"Robotics Engineer","Neural Networks Co","TensorFlow, PyTorch, Git, Python"
"Data Engineer","Cognitive Computing","Tableau, SQL, Python, Mathematics, Scala"
"Head of AI","Smart Analytics","AWS, Docker, Git, Python"
"Machine Learning Engineer","Algorithmic Solutions","Computer Vision, Spark, MLOps, Python"
"Data Analyst","Neural Networks Co","Git, Python, Docker, Tableau, Linux"
"Principal Data Scientist","Advanced Robotics","GCP, Python, Java, SQL"
"AI Software Engineer","Smart Analytics","Python, Hadoop, TensorFlow"
"NLP Engineer","Smart Analytics","TensorFlow, Spark, Git, Python, GCP"
"AI Senior level Scientist","AI Innovations","Kubernetes, Tableau, Scala, Python, Linux"
"Data Engineer","Digital Transformation LLC","Python, SQL, Tableau, MLOps"
"Senior level Scientist","TechCorp Inc","Python, TensorFlow, Data Visualization"
"NLP Engineer","Cognitive Computing","R, Python, Linux, MLOps, Azure"
"AI Product Manager","Smart Analytics","AWS, GCP, Data Visualization, Statistics, Python"
"AI Software Engineer","Advanced Robotics","Python, TensorFlow, PyTorch"
"Principal Data Scientist","Cloud AI Solutions","Python, Hadoop, NLP, Mathematics, GCP"
"AI Software Engineer","Cloud AI Solutions","Git, Computer Vision, Hadoop, MLOps, Python"
"AI Product Manager","Autonomous Tech","GCP, TensorFlow, Computer Vision, Python"
"NLP Engineer","Digital Transformation LLC","Python, Scala, Docker"
"Data Engineer","DeepTech Ventures","Python, GCP, AWS, TensorFlow, PyTorch"
"Data Analyst","TechCorp Inc","Azure, Git, Mathematics, Python"
"Data Analyst","Cloud AI Solutions","Data Visualization, Hadoop, Kubernetes, Python, TensorFlow"
"Machine Learning Senior level","Cognitive Computing","Java, PyTorch, Python, Kubernetes"
"Deep Learning Engineer","Quantum Computing Inc","NLP, Python, GCP, Data Visualization"
"NLP Engineer","Smart Analytics","AWS, Scala, Python, Statistics, TensorFlow"
"Deep Learning Engineer","DeepTech Ventures","Python, GCP, Data Visualization"
"Machine Learning Engineer","TechCorp Inc","Scala, Python, GCP, Azure"
"ML Ops Engineer","Neural Networks Co","MLOps, Statistics, Data Visualization, Python"
"Autonomous Systems Engineer","Quantum Computing Inc","Python, AWS, MLOps"
"AI Consultant","Digital Transformation LLC","Spark, Hadoop, Python, NLP, Git"
"AI Specialist","Neural Networks Co","SQL, Docker, Python, Java"
"AI Senior level Scientist","Machine Intelligence Group","Git, Data Visualization, Mathematics, Python"
"Senior level Scientist","Autonomous Tech","Java, Python, Spark, SQL, MLOps"
"Data Analyst","AI Innovations","Tableau, SQL, Python, TensorFlow"
"ML Ops Engineer","DeepTech Ventures","Python, TensorFlow, NLP, Scala, Data Visualization"
"ML Ops Engineer","Smart Analytics","R, Azure, Mathematics, TensorFlow, Python"
"NLP Engineer","Cloud AI Solutions","SQL, Tableau, Python, Data Visualization, GCP"
"Data Analyst","TechCorp Inc","Docker, R, Python"
"AI Software Engineer","DataVision Ltd","Deep Learning, Linux, Python, Docker, Git"
"Robotics Engineer","Future Systems","R, Docker, Linux, Python, Data Visualization"
"Data Analyst","Neural Networks Co","SQL, Deep Learning, Python"
"Machine Learning Engineer","Quantum Computing Inc","Data Visualization, Python, TensorFlow"
"Machine Learning Senior level","Smart Analytics","Mathematics, Linux, Python"
"Data Engineer","DataVision Ltd","Python, Linux, Statistics, Kubernetes"
"Data Scientist","Autonomous Tech","Python, Linux, TensorFlow, Mathematics, Hadoop"
"Machine Learning Senior level","AI Innovations","Scala, Data Visualization, Kubernetes, Python"
"AI Specialist","DeepTech Ventures","SQL, Python, Statistics, GCP"
"Computer Vision Engineer","Algorithmic Solutions","Computer Vision, Python, GCP"
"NLP Engineer","Neural Networks Co","Git, Linux, Azure, Python"
"Machine Learning Senior level","Machine Intelligence Group","Python, NLP, MLOps, SQL, Statistics"
"ML Ops Engineer","Predictive Systems","Linux, Python, Git, Data Visualization"
"Data Scientist","Smart Analytics","Spark, Python, Mathematics, Git"
"Machine Learning Senior level","Advanced Robotics","R, Git, Mathematics, Java, Python"
"AI Consultant","Algorithmic Solutions","GCP, Python, Spark, NLP, Kubernetes"
"ML Ops Engineer","Smart Analytics","Python, Computer Vision, Git, Kubernetes"
"Machine Learning Senior level","Autonomous Tech","Scala, Python, Git, Hadoop, Tableau"
"Data Engineer","TechCorp Inc","Python, Scala, Computer Vision, Azure, MLOps"
"Machine Learning Senior level","Smart Analytics","TensorFlow, Tableau, PyTorch, Hadoop, Python"
"Data Analyst","Algorithmic Solutions","Python, Azure, R"
"ML Ops Engineer","Digital Transformation LLC","Python, TensorFlow, Spark"
"Deep Learning Engineer","Cognitive Computing","Python, Spark, PyTorch, Scala, Deep Learning"
"Computer Vision Engineer","DeepTech Ventures","Kubernetes, Linux, Tableau, Python, TensorFlow"
"AI Consultant","Cloud AI Solutions","GCP, Python, NLP, Deep Learning"
"Head of AI","Future Systems","Statistics, Python, Computer Vision, TensorFlow"
"Data Scientist","Cloud AI Solutions","Python, NLP, Azure"
"Senior level Scientist","DataVision Ltd","Mathematics, SQL, Python, Java"
"Deep Learning Engineer","Neural Networks Co","Linux, SQL, Computer Vision, Python, AWS"
"Head of AI","TechCorp Inc","GCP, Git, NLP, Computer Vision, Python"
"Machine Learning Engineer","Machine Intelligence Group","NLP, Hadoop, Deep Learning, Python, Java"
"AI Senior level Scientist","DeepTech Ventures","Python, TensorFlow, Deep Learning, Git"
"Computer Vision Engineer","DeepTech Ventures","SQL, Linux, Git, Python"
"Data Analyst","DeepTech Ventures","Git, Python, GCP"
"Data Scientist","Advanced Robotics","Python, R, Linux, GCP, AWS"
"AI Specialist","Quantum Computing Inc","Kubernetes, Computer Vision, Python, TensorFlow, Deep Learning"
"Head of AI","Smart Analytics","Deep Learning, Python, R, Tableau, MLOps"
"AI Senior level Scientist","AI Innovations","R, Git, MLOps, Python, GCP"
"Head of AI","Machine Intelligence Group","Python, Spark, Data Visualization, GCP, TensorFlow"
"Robotics Engineer","Advanced Robotics","Git, Mathematics, SQL, Deep Learning, Python"
"Data Engineer","Predictive Systems","Python, Tableau, Git"
"AI Specialist","Smart Analytics","Python, Azure, Statistics"
"Machine Learning Engineer","Smart Analytics","Python, Azure, TensorFlow, Deep Learning"
"ML Ops Engineer","Quantum Computing Inc","Java, Python, Kubernetes"
"Data Analyst","Autonomous Tech","Python, TensorFlow, PyTorch"
"AI Specialist","Cloud AI Solutions","Spark, Python, Kubernetes"
"AI Senior level Scientist","Digital Transformation LLC","Python, Java, Statistics, Kubernetes"
"Principal Data Scientist","Cognitive Computing","Tableau, Python, TensorFlow"
"NLP Engineer","TechCorp Inc","Python, Kubernetes, GCP"
"AI Software Engineer","DeepTech Ventures","Python, TensorFlow, Docker"
"Computer Vision Engineer","DataVision Ltd","MLOps, Kubernetes, Python, NLP"
"NLP Engineer","AI Innovations","Linux, TensorFlow, Python, Azure"
"NLP Engineer","Future Systems","Kubernetes, Java, SQL, Data Visualization, Python"
"AI Product Manager","DeepTech Ventures","Python, Kubernetes, Computer Vision, Azure, Linux"
"Data Analyst","DeepTech Ventures","Python, Java, GCP, Azure"
"AI Senior level Scientist","Predictive Systems","Scala, SQL, GCP, R, Python"
"Data Scientist","Quantum Computing Inc","Scala, Python, Computer Vision"
"Autonomous Systems Engineer","Cloud AI Solutions","Python, Hadoop, Docker, NLP"
"Deep Learning Engineer","AI Innovations","Git, Python, SQL"
"NLP Engineer","Neural Networks Co","Git, Python, TensorFlow, Deep Learning"
"AI Architect","TechCorp Inc","Scala, GCP, SQL, Python"
"NLP Engineer","Predictive Systems","AWS, Python, GCP"
"AI Architect","DataVision Ltd","Java, NLP, Python, Azure, Linux"
"NLP Engineer","Neural Networks Co","Mathematics, Deep Learning, Python, Spark"
"Computer Vision Engineer","Digital Transformation LLC","Scala, Hadoop, Data Visualization, Spark, Python"
"Data Analyst","Advanced Robotics","Python, TensorFlow, Data Visualization"
"Computer Vision Engineer","Cloud AI Solutions","Statistics, Python, SQL, Spark, Computer Vision"
"Machine Learning Senior level","Digital Transformation LLC","Python, Java, GCP"
"Computer Vision Engineer","Algorithmic Solutions","AWS, Python, Java, SQL, Computer Vision"
"Machine Learning Senior level","Predictive Systems","Python, Kubernetes, Tableau, Azure, Deep Learning"
"AI Consultant","Advanced Robotics","Python, Spark, MLOps, Linux"
"AI Senior level Scientist","Cognitive Computing","Python, R, Statistics, Docker"
"AI Consultant","Digital Transformation LLC","Tableau, Docker, Python, Spark"
"Deep Learning Engineer","Digital Transformation LLC","Python, Linux, Docker, GCP, Azure"
"Head of AI","Digital Transformation LLC","Python, Java, Computer Vision, GCP"
"Machine Learning Senior level","DeepTech Ventures","Scala, Linux, Python"
"AI Architect","Future Systems","Mathematics, Kubernetes, Python"
"Data Scientist","DataVision Ltd","Git, Python, NLP, Mathematics, Azure"
"ML Ops Engineer","Machine Intelligence Group","Python, Docker, Statistics, GCP, AWS"
"AI Architect","Advanced Robotics","GCP, SQL, Python, Mathematics, Scala"
"AI Senior level Scientist","Advanced Robotics","Azure, Java, Deep Learning, Python"
"Data Analyst","Future Systems","Spark, Python, Mathematics, Tableau"
"NLP Engineer","Smart Analytics","Java, Hadoop, Tableau, Python, GCP"
"Robotics Engineer","Neural Networks Co","Mathematics, Python, Azure, Statistics"
"NLP Engineer","Autonomous Tech","Python, AWS, Deep Learning, Azure"
"ML Ops Engineer","Smart Analytics","R, SQL, Python, Computer Vision"
"AI Architect","Cloud AI Solutions","Python, Git, Docker"
"Machine Learning Engineer","Quantum Computing Inc","Kubernetes, Git, Python, AWS, Spark"
"AI Architect","DeepTech Ventures","Tableau, Python, Java, Linux, Data Visualization"
"AI Architect","Autonomous Tech","AWS, Python, Computer Vision, Kubernetes, Data Visualization"
"Machine Learning Senior level","Neural Networks Co","Python, GCP, Data Visualization, Git, Tableau"
"Principal Data Scientist","Cloud AI Solutions","Statistics, Python, PyTorch, Linux"
"Robotics Engineer","Cognitive Computing","SQL, NLP, Python"
"AI Consultant","Algorithmic Solutions","Python, Linux, Git, Statistics"
"AI Specialist","Smart Analytics","GCP, Spark, Statistics, Python"
"AI Product Manager","Cloud AI Solutions","Git, Python, Tableau, GCP"
"AI Consultant","TechCorp Inc","Scala, Python, Linux, GCP, NLP"
"ML Ops Engineer","Future Systems","Python, TensorFlow, Statistics, Deep Learning, Data Visualization"
"AI Senior level Scientist","DeepTech Ventures","Java, Python, TensorFlow, AWS"
"AI Consultant","DeepTech Ventures","Python, Java, Data Visualization, Tableau, MLOps"
"Machine Learning Engineer","DataVision Ltd","Azure, Python, Data Visualization, TensorFlow, NLP"
"Senior level Scientist","Quantum Computing Inc","Hadoop, Python, TensorFlow, Scala, Java"
"AI Architect","AI Innovations","Python, Spark, NLP, R"
"Machine Learning Senior level","Quantum Computing Inc","AWS, Hadoop, Deep Learning, Python, MLOps"
"Principal Data Scientist","Future Systems","Tableau, R, Python, Mathematics, NLP"
"Data Scientist","Future Systems","Python, TensorFlow, AWS, Scala, Hadoop"
"Data Analyst","Digital Transformation LLC","R, SQL, GCP, Spark, Python"
"Computer Vision Engineer","Cognitive Computing","Data Visualization, Python, Linux, GCP"
"Principal Data Scientist","Cloud AI Solutions","Kubernetes, Git, GCP, Python"
"Data Engineer","Quantum Computing Inc","GCP, Spark, Azure, Python"
"Senior level Scientist","DataVision Ltd","Spark, Python, TensorFlow, Docker"
"Senior level Scientist","Digital Transformation LLC","Kubernetes, Computer Vision, Python"
"Autonomous Systems Engineer","DeepTech Ventures","Git, Scala, Python, TensorFlow, SQL"
"Data Engineer","Smart Analytics","R, Python, PyTorch, AWS, Kubernetes"
"Autonomous Systems Engineer","TechCorp Inc","SQL, Statistics, R, Linux, Python"
"Data Analyst","DataVision Ltd","Python, NLP, Docker, Statistics"
"ML Ops Engineer","Machine Intelligence Group","Python, NLP, Mathematics, Kubernetes"
"Data Scientist","Neural Networks Co","Hadoop, Deep Learning, Git, Python, Mathematics"
"AI Consultant","Predictive Systems","Statistics, Python, Kubernetes, Azure, AWS"
"AI Senior level Scientist","Cognitive Computing","Java, Python, SQL, Spark"
"Data Analyst","Cloud AI Solutions","MLOps, Hadoop, Python, AWS, Tableau"
"Deep Learning Engineer","Predictive Systems","Hadoop, Python, Computer Vision, TensorFlow, GCP"
"Machine Learning Senior level","Smart Analytics","Deep Learning, Python, TensorFlow"
"Principal Data Scientist","AI Innovations","Tableau, Python, GCP, Statistics, Deep Learning"
"AI Product Manager","Digital Transformation LLC","Deep Learning, Scala, Azure, TensorFlow, Python"
"ML Ops Engineer","DeepTech Ventures","GCP, Python, NLP"
"Data Engineer","Machine Intelligence Group","TensorFlow, Linux, Python"
"ML Ops Engineer","Predictive Systems","Python, Tableau, Azure"
"Robotics Engineer","Algorithmic Solutions","Data Visualization, NLP, Java, Python, Scala"
"AI Architect","Machine Intelligence Group","Python, Kubernetes, Mathematics, Tableau"
"AI Specialist","Quantum Computing Inc","Deep Learning, Mathematics, Python"
"Principal Data Scientist","Autonomous Tech","Python, AWS, MLOps, Docker, Mathematics"
"Principal Data Scientist","Neural Networks Co","Kubernetes, Python, Data Visualization, Deep Learning, TensorFlow"
"AI Product Manager","Digital Transformation LLC","Hadoop, Python, Computer Vision, NLP"
"Data Scientist","Future Systems","Scala, Python, GCP, Docker"
"Deep Learning Engineer","TechCorp Inc","Kubernetes, Python, Mathematics, Scala"
"AI Specialist","Autonomous Tech","Data Visualization, SQL, Python"
"Machine Learning Engineer","DataVision Ltd","Python, GCP, TensorFlow, Java, SQL"
"Deep Learning Engineer","Cognitive Computing","TensorFlow, Python, GCP"
"Computer Vision Engineer","DeepTech Ventures","Deep Learning, Python, TensorFlow, GCP"
"Data Analyst","Future Systems","NLP, TensorFlow, AWS, Python, Scala"
"Principal Data Scientist","Smart Analytics","Java, Python, TensorFlow, Scala, PyTorch"
"Deep Learning Engineer","Digital Transformation LLC","Python, Spark, Kubernetes"
"Principal Data Scientist","TechCorp Inc","Python, PyTorch, MLOps, SQL, Data Visualization"
"NLP Engineer","Cognitive Computing","TensorFlow, Python, Linux, Mathematics"
"Deep Learning Engineer","AI Innovations","Scala, Docker, AWS, Kubernetes, Python"
"Autonomous Systems Engineer","Predictive Systems","Python, Hadoop, Scala, Git"
"Data Analyst","Smart Analytics","Python, NLP, SQL, Linux"
"Data Analyst","DeepTech Ventures","Python, MLOps, NLP, Java, GCP"
"ML Ops Engineer","Neural Networks Co","Kubernetes, MLOps, Python"
"Deep Learning Engineer","Autonomous Tech","Python, TensorFlow, Linux"
"Senior level Scientist","Predictive Systems","NLP, SQL, Python, Deep Learning, TensorFlow"
"Data Analyst","Algorithmic Solutions","Deep Learning, Python, MLOps"
"Machine Learning Senior level","TechCorp Inc","Python, SQL, Hadoop, Kubernetes"
"AI Product Manager","Algorithmic Solutions","Linux, Python, SQL"
"AI Senior level Scientist","Cloud AI Solutions","AWS, Python, Mathematics, TensorFlow"
"AI Senior level Scientist","Algorithmic Solutions","R, Azure, Python, Spark, Scala"
"AI Software Engineer","TechCorp Inc","Deep Learning, Spark, Kubernetes, Git, Python"
"AI Architect","Future Systems","Tableau, Python, Docker"
"NLP Engineer","Quantum Computing Inc","Python, TensorFlow, PyTorch"
"Robotics Engineer","Future Systems","Python, Computer Vision, NLP"
"Computer Vision Engineer","DataVision Ltd","Docker, Scala, Deep Learning, Python, Spark"
"Data Analyst","Digital Transformation LLC","Git, Python, MLOps, Statistics, Deep Learning"
"Senior level Scientist","DataVision Ltd","Java, Kubernetes, Linux, Python, Computer Vision"
"Head of AI","Advanced Robotics","Python, Kubernetes, Spark"
"AI Consultant","Advanced Robotics","Spark, Hadoop, Python, Git, NLP"
"Senior level Scientist","Predictive Systems","Python, Docker, Computer Vision"
"Data Engineer","TechCorp Inc","Tableau, Python, MLOps"
"Robotics Engineer","DataVision Ltd","Mathematics, Python, Linux"
"Autonomous Systems Engineer","Future Systems","Data Visualization, Scala, GCP, Python, Docker"
"Data Scientist","Algorithmic Solutions","Python, Scala, Linux, SQL, Git"
"Autonomous Systems Engineer","DataVision Ltd","Computer Vision, Kubernetes, Scala, Python, Deep Learning"
"Deep Learning Engineer","Quantum Computing Inc","Linux, Python, Tableau"
"Autonomous Systems Engineer","Cognitive Computing","PyTorch, Python, TensorFlow, MLOps"
"Principal Data Scientist","Smart Analytics","Python, Git, Linux, Docker"
"Principal Data Scientist","Future Systems","AWS, Mathematics, Azure, Python, Data Visualization"
"NLP Engineer","Digital Transformation LLC","Hadoop, Python, Linux"
"Head of AI","Smart Analytics","Computer Vision, Python, Linux"
"AI Architect","Autonomous Tech","Python, Kubernetes, Git, Azure, Statistics"
"Senior level Scientist","Algorithmic Solutions","R, Git, MLOps, Azure, Python"
"ML Ops Engineer","Neural Networks Co","Java, Scala, Python, PyTorch, Deep Learning"
"AI Senior level Scientist","Neural Networks Co","Python, TensorFlow, Data Visualization, Kubernetes, Deep Learning"
"AI Software Engineer","Advanced Robotics","Mathematics, Python, Data Visualization, TensorFlow, Spark"
"Data Scientist","Advanced Robotics","R, Java, Linux, Python"
"AI Architect","AI Innovations","PyTorch, Python, R"
"AI Product Manager","TechCorp Inc","Python, Linux, Scala, Hadoop, TensorFlow"
"Machine Learning Engineer","TechCorp Inc","Python, Hadoop, Java"
"Deep Learning Engineer","Advanced Robotics","AWS, GCP, Python"
"Autonomous Systems Engineer","Smart Analytics","Docker, Python, Java"
"Machine Learning Engineer","Quantum Computing Inc","Python, Data Visualization, Git, TensorFlow, Spark"
"Data Analyst","DataVision Ltd","Kubernetes, Tableau, Python, NLP, Mathematics"
"AI Product Manager","Advanced Robotics","TensorFlow, Scala, Data Visualization, Python"
"Senior level Scientist","Quantum Computing Inc","Kubernetes, Linux, Mathematics, Python, Git"
"AI Senior level Scientist","DeepTech Ventures","Git, AWS, MLOps, Python, Computer Vision"
"Machine Learning Engineer","DataVision Ltd","Python, Git, TensorFlow"
"Data Analyst","Future Systems","Git, Mathematics, MLOps, Python, Scala"
"Computer Vision Engineer","Algorithmic Solutions","Python, Tableau, Git, Data Visualization"
"AI Architect","Machine Intelligence Group","Git, GCP, Python, Kubernetes"
"Data Engineer","AI Innovations","TensorFlow, Python, Docker, Statistics, Deep Learning"
"Data Engineer","Machine Intelligence Group","Python, TensorFlow, Mathematics"
"AI Consultant","Machine Intelligence Group","NLP, Python, GCP, Tableau"
"AI Architect","DataVision Ltd","AWS, SQL, Python, TensorFlow"
"Robotics Engineer","DeepTech Ventures","Statistics, AWS, TensorFlow, Python"
"Head of AI","Cognitive Computing","Python, Tableau, Data Visualization, Scala"
"Data Scientist","Neural Networks Co","Data Visualization, Python, Mathematics"
"AI Architect","Smart Analytics","Python, Scala, Deep Learning, Statistics, Tableau"
"Principal Data Scientist","Algorithmic Solutions","Azure, Python, Linux, Statistics"
"AI Specialist","Predictive Systems","Docker, Python, TensorFlow"
"AI Product Manager","Digital Transformation LLC","Python, Git, Java, Hadoop"
"Head of AI","Machine Intelligence Group","PyTorch, TensorFlow, Python, Java"
"NLP Engineer","Smart Analytics","R, Hadoop, Python, Azure, Data Visualization"
"AI Software Engineer","Cloud AI Solutions","GCP, Python, Mathematics"
"Data Engineer","Autonomous Tech","Tableau, GCP, Deep Learning, SQL, Python"
"Principal Data Scientist","Neural Networks Co","Spark, Hadoop, Python, Kubernetes"
"AI Architect","Cloud AI Solutions","Python, TensorFlow, Tableau, R, Linux"
"AI Senior level Scientist","TechCorp Inc","Python, TensorFlow, GCP, PyTorch, Linux"
"Computer Vision Engineer","Predictive Systems","Docker, MLOps, Mathematics, Python"
"AI Consultant","Neural Networks Co","Spark, Python, Git, TensorFlow, Tableau"
"Machine Learning Engineer","Digital Transformation LLC","Python, Hadoop, NLP"
"Data Engineer","AI Innovations","GCP, TensorFlow, Linux, Python"
"ML Ops Engineer","Cognitive Computing","Python, MLOps, Linux, TensorFlow, Deep Learning"
"Senior level Scientist","Algorithmic Solutions","Python, Statistics, Kubernetes, TensorFlow, Mathematics"
"Machine Learning Senior level","Cloud AI Solutions","Linux, Mathematics, Python, Git, Statistics"
"ML Ops Engineer","Machine Intelligence Group","Data Visualization, PyTorch, Java, Python, GCP"
"NLP Engineer","Advanced Robotics","Spark, Python, Computer Vision, Scala"
"Machine Learning Senior level","Quantum Computing Inc","Java, Statistics, Python"
"AI Consultant","Algorithmic Solutions","Python, Data Visualization, MLOps"
"AI Specialist","DeepTech Ventures","Python, R, MLOps"
"Data Scientist","TechCorp Inc","Deep Learning, Python, Docker, Linux, MLOps"
"AI Architect","Machine Intelligence Group","Scala, R, Python, AWS, SQL"
"AI Specialist","Predictive Systems","Scala, Python, MLOps"
"AI Architect","Machine Intelligence Group","Python, MLOps, Scala, Computer Vision, TensorFlow"
"AI Product Manager","AI Innovations","Kubernetes, Python, TensorFlow, Hadoop"
"AI Architect","Cognitive Computing","Python, Spark, Deep Learning, Java, Git"
"AI Software Engineer","DeepTech Ventures","Hadoop, Computer Vision, Data Visualization, Python"
"ML Ops Engineer","Machine Intelligence Group","Spark, Statistics, SQL, Python, MLOps"
"NLP Engineer","Cognitive Computing","R, Python, GCP, SQL"
"Data Scientist","Neural Networks Co","Python, Git, Scala, GCP, Java"
"Machine Learning Senior level","DeepTech Ventures","Java, AWS, Python"
"AI Architect","DataVision Ltd","Scala, Python, MLOps, R, Java"
"AI Senior level Scientist","Quantum Computing Inc","Python, R, Kubernetes"
"AI Product Manager","Predictive Systems","Python, NLP, R, Linux"
"AI Software Engineer","Future Systems","Python, TensorFlow, Computer Vision, PyTorch, NLP"
"Principal Data Scientist","Autonomous Tech","Hadoop, AWS, Python, Spark"
"Data Engineer","DataVision Ltd","NLP, Python, Spark, Data Visualization, Kubernetes"
"Machine Learning Senior level","Quantum Computing Inc","Python, TensorFlow, MLOps"
"Deep Learning Engineer","Predictive Systems","TensorFlow, Spark, Python, Kubernetes"
"Senior level Scientist","Predictive Systems","Spark, Linux, Computer Vision, Python"
"AI Specialist","Quantum Computing Inc","Scala, GCP, Python"
"AI Specialist","Advanced Robotics","Python, PyTorch, Linux, Statistics"
"Data Scientist","DeepTech Ventures","Python, TensorFlow, NLP, Git, GCP"
"AI Product Manager","Cognitive Computing","Python, Data Visualization, TensorFlow, GCP, Mathematics"
"ML Ops Engineer","Future Systems","Scala, Deep Learning, Python, GCP"
"AI Specialist","DeepTech Ventures","Python, Hadoop, Git, TensorFlow"
"Head of AI","Cognitive Computing","Python, TensorFlow, Scala"
"AI Software Engineer","DataVision Ltd","Statistics, Git, Deep Learning, Python"
"Senior level Scientist","Cloud AI Solutions","Linux, Python, AWS, NLP"
"Deep Learning Engineer","Future Systems","PyTorch, Scala, Computer Vision, AWS, Python"
"Head of AI","AI Innovations","TensorFlow, Deep Learning, Java, Python"
"AI Consultant","Neural Networks Co","Git, Tableau, Python, Deep Learning"
"Head of AI","Neural Networks Co","SQL, Python, Git, Spark"
"Data Analyst","DataVision Ltd","MLOps, Docker, Spark, Python, Linux"
"Data Engineer","DataVision Ltd","Computer Vision, Python, TensorFlow"
"AI Software Engineer","Neural Networks Co","NLP, Python, Data Visualization"
"Data Engineer","DataVision Ltd","Linux, Python, Git"
"Data Engineer","TechCorp Inc","R, Python, Mathematics, Tableau, Kubernetes"
"Data Analyst","Predictive Systems","Mathematics, Python, Data Visualization, GCP, TensorFlow"
"Head of AI","Algorithmic Solutions","Statistics, Java, SQL, Python, Data Visualization"
"AI Senior level Scientist","Neural Networks Co","GCP, Linux, Kubernetes, Python"
"Machine Learning Engineer","DeepTech Ventures","Java, Python, GCP, PyTorch"
"Head of AI","TechCorp Inc","Linux, Python, Azure, Java, TensorFlow"
"Head of AI","TechCorp Inc","Scala, Python, Mathematics, Linux, AWS"
"Data Analyst","Advanced Robotics","Java, Data Visualization, Python"
"Head of AI","AI Innovations","Python, Spark, Mathematics"
"AI Architect","Machine Intelligence Group","Python, Data Visualization, GCP"
"Computer Vision Engineer","DeepTech Ventures","Kubernetes, Python, Git, Hadoop"
"Senior level Scientist","Cognitive Computing","Statistics, Linux, Python"
"Senior level Scientist","DeepTech Ventures","Git, AWS, Python, Computer Vision, TensorFlow"
"AI Senior level Scientist","Algorithmic Solutions","Hadoop, Scala, NLP, Python"
"Deep Learning Engineer","Quantum Computing Inc","Mathematics, GCP, AWS, Git, Python"
"Computer Vision Engineer","TechCorp Inc","Python, Azure, TensorFlow, NLP, MLOps"
"Computer Vision Engineer","Algorithmic Solutions","Mathematics, Python, Docker, Linux, TensorFlow"
"AI Senior level Scientist","Algorithmic Solutions","MLOps, Azure, Data Visualization, Python, NLP"
"ML Ops Engineer","DataVision Ltd","Statistics, GCP, Python, Tableau"
"Deep Learning Engineer","Algorithmic Solutions","Linux, Azure, Docker, Mathematics, Python"
"Head of AI","Algorithmic Solutions","Statistics, Linux, Python, Deep Learning, Docker"
"Autonomous Systems Engineer","Smart Analytics","Python, R, Docker, Mathematics"
"Head of AI","Future Systems","Scala, Python, Azure"
"Robotics Engineer","DataVision Ltd","Hadoop, Mathematics, Python, Git, Statistics"
"Machine Learning Engineer","Neural Networks Co","Docker, GCP, Python, Statistics"
"Computer Vision Engineer","Smart Analytics","MLOps, Python, Statistics"
"Data Analyst","Autonomous Tech","Statistics, SQL, Python, PyTorch, TensorFlow"
"AI Consultant","Predictive Systems","GCP, MLOps, Python, Statistics"
"AI Architect","Future Systems","Python, Linux, Tableau, TensorFlow"
"Deep Learning Engineer","Predictive Systems","Tableau, Python, Statistics, Linux"
"Machine Learning Engineer","Future Systems","Kubernetes, R, Python, TensorFlow, NLP"
"Data Scientist","DeepTech Ventures","Python, SQL, Deep Learning"
"AI Consultant","Neural Networks Co","Kubernetes, Git, Statistics, Deep Learning, Python"
"Machine Learning Senior level","TechCorp Inc","Python, Tableau, Scala"
"Data Scientist","Future Systems","Python, MLOps, Computer Vision, Git"
"Data Scientist","Digital Transformation LLC","Python, Hadoop, Computer Vision"
"Autonomous Systems Engineer","Algorithmic Solutions","Hadoop, Python, Tableau, GCP, Mathematics"
"AI Senior level Scientist","Future Systems","Python, TensorFlow, Java, Azure, PyTorch"
"AI Specialist","Algorithmic Solutions","Docker, Python, Statistics, TensorFlow, Linux"
"AI Specialist","Cloud AI Solutions","Data Visualization, Python, TensorFlow"
"Autonomous Systems Engineer","DeepTech Ventures","Docker, Spark, Python, Deep Learning"
"AI Architect","Future Systems","Docker, Git, Python, Hadoop"
"AI Architect","Cognitive Computing","Kubernetes, Python, Statistics"
"Autonomous Systems Engineer","TechCorp Inc","Python, TensorFlow, NLP, Linux"
"Data Scientist","Machine Intelligence Group","R, Spark, Tableau, Python"
"ML Ops Engineer","Smart Analytics","Git, Python, NLP, Kubernetes, TensorFlow"
"Principal Data Scientist","DeepTech Ventures","NLP, Python, TensorFlow"
"AI Product Manager","Advanced Robotics","Azure, Python, TensorFlow"
"AI Product Manager","Digital Transformation LLC","Docker, Scala, Python, Spark, Mathematics"
"AI Software Engineer","AI Innovations","Docker, Python, Deep Learning"
"Data Engineer","Cloud AI Solutions","Deep Learning, Azure, Python"
"AI Software Engineer","Cloud AI Solutions","Azure, Python, GCP, Git, Computer Vision"
"AI Senior level Scientist","DeepTech Ventures","MLOps, Kubernetes, Data Visualization, Python"
"Autonomous Systems Engineer","AI Innovations","Python, Mathematics, Kubernetes, Deep Learning, Spark"
"Machine Learning Senior level","AI Innovations","Python, NLP, AWS, TensorFlow, Linux"
"AI Specialist","Neural Networks Co","Kubernetes, Python, Hadoop"
"Robotics Engineer","Autonomous Tech","Hadoop, GCP, Python, SQL, Mathematics"
"ML Ops Engineer","Quantum Computing Inc","Python, Kubernetes, NLP, Data Visualization"
"Machine Learning Senior level","Autonomous Tech","Python, Docker, Spark"
"Data Analyst","TechCorp Inc","Azure, Spark, R, Python"
"AI Consultant","Cloud AI Solutions","Computer Vision, Python, Tableau, NLP"
"AI Product Manager","Autonomous Tech","Tableau, TensorFlow, Python, SQL, NLP"
"Machine Learning Senior level","Cognitive Computing","Git, Computer Vision, Python, Kubernetes, Docker"
"AI Software Engineer","Future Systems","GCP, Git, Tableau, Python"
"Computer Vision Engineer","DeepTech Ventures","Hadoop, Python, Spark, SQL, Kubernetes"
"Computer Vision Engineer","Algorithmic Solutions","Python, Hadoop, Deep Learning, Kubernetes"
"Data Engineer","Digital Transformation LLC","Kubernetes, Python, NLP, GCP, Azure"
"Machine Learning Engineer","Algorithmic Solutions","MLOps, Python, Scala, Docker"
"Data Scientist","Cloud AI Solutions","Computer Vision, Scala, Python"
"AI Consultant","Advanced Robotics","Deep Learning, Azure, Python, GCP"
"ML Ops Engineer","Cognitive Computing","Python, Java, Deep Learning"
"ML Ops Engineer","Algorithmic Solutions","TensorFlow, Computer Vision, Python, Java"
"NLP Engineer","Cloud AI Solutions","Python, Tableau, Linux, TensorFlow"
"Head of AI","Machine Intelligence Group","Docker, NLP, Scala, Python"
"AI Specialist","Cloud AI Solutions","Python, Git, PyTorch"
"Deep Learning Engineer","Cloud AI Solutions","Hadoop, Azure, Python, Linux"
"Deep Learning Engineer","Cognitive Computing","Java, Linux, Spark, Python"
"Autonomous Systems Engineer","Digital Transformation LLC","Computer Vision, Scala, Kubernetes, Python"
"Robotics Engineer","Cognitive Computing","NLP, Python, Linux, Kubernetes"
"Data Engineer","Neural Networks Co","Mathematics, MLOps, Python, GCP"
"Deep Learning Engineer","Future Systems","Kubernetes, TensorFlow, Java, Python, Statistics"
"Data Engineer","Quantum Computing Inc","Python, GCP, Data Visualization, Kubernetes"
"Data Engineer","Algorithmic Solutions","Git, Python, GCP, Computer Vision, TensorFlow"
"AI Architect","Quantum Computing Inc","Python, Scala, Kubernetes"
"Head of AI","Cognitive Computing","Scala, Python, AWS, Mathematics"
"Data Engineer","Machine Intelligence Group","Data Visualization, Python, TensorFlow, Git, Docker"
"Data Analyst","Quantum Computing Inc","Linux, Python, Deep Learning, Computer Vision"
"Principal Data Scientist","Smart Analytics","Python, Git, Data Visualization, Docker, AWS"
"Principal Data Scientist","Digital Transformation LLC","Python, GCP, Spark, Deep Learning"
"AI Architect","AI Innovations","SQL, Mathematics, Git, Python"
"AI Senior level Scientist","Predictive Systems","GCP, TensorFlow, Azure, Java, Python"
"Data Engineer","Cloud AI Solutions","Python, SQL, Computer Vision"
"Machine Learning Senior level","Algorithmic Solutions","Kubernetes, Python, Java"
"Head of AI","Advanced Robotics","PyTorch, Python, Kubernetes"
"Machine Learning Senior level","Neural Networks Co","Statistics, Scala, Python, Java"
"Data Scientist","Smart Analytics","Statistics, TensorFlow, Python"
"AI Architect","Future Systems","Azure, GCP, Python"
"AI Software Engineer","TechCorp Inc","GCP, NLP, Python, Git"
"Head of AI","AI Innovations","Python, Git, AWS"
"Computer Vision Engineer","AI Innovations","Hadoop, Python, GCP"
"AI Architect","Cognitive Computing","MLOps, Azure, Linux, Deep Learning, Python"
"AI Specialist","TechCorp Inc","Python, Hadoop, R, MLOps, Tableau"
"Computer Vision Engineer","Cloud AI Solutions","Tableau, Git, SQL, PyTorch, Python"
"ML Ops Engineer","DeepTech Ventures","Python, Mathematics, Scala"
"Head of AI","Machine Intelligence Group","Docker, Deep Learning, Python, AWS"
"Machine Learning Engineer","Digital Transformation LLC","Python, Kubernetes, Spark"
"Senior level Scientist","AI Innovations","Deep Learning, Python, R, Mathematics, GCP"
"AI Specialist","Future Systems","Python, Docker, Hadoop, Linux, TensorFlow"
"Senior level Scientist","AI Innovations","Kubernetes, Scala, Data Visualization, Git, Python"
"Computer Vision Engineer","Neural Networks Co","Python, Spark, Tableau, Linux, TensorFlow"
"Data Engineer","Digital Transformation LLC","Hadoop, Java, TensorFlow, Git, Python"
"Head of AI","Autonomous Tech","Python, AWS, Statistics, Linux"
"Machine Learning Senior level","Smart Analytics","Kubernetes, Python, TensorFlow, AWS, Azure"
"Data Engineer","Autonomous Tech","Python, TensorFlow, PyTorch, Hadoop, Scala"
"Machine Learning Senior level","Algorithmic Solutions","Java, Python, Hadoop, Azure"
"Data Engineer","Smart Analytics","Deep Learning, Python, R, Statistics"
"Machine Learning Engineer","Cognitive Computing","Azure, Deep Learning, Python, Tableau, Statistics"
"Deep Learning Engineer","Advanced Robotics","PyTorch, TensorFlow, Linux, Python"
"Head of AI","Neural Networks Co","Spark, R, Python, Docker"
"Deep Learning Engineer","TechCorp Inc","Python, Kubernetes, Computer Vision, Azure, TensorFlow"
"Head of AI","DeepTech Ventures","GCP, Python, Deep Learning, PyTorch"
"Deep Learning Engineer","Machine Intelligence Group","Kubernetes, Python, MLOps, TensorFlow, Deep Learning"
"AI Architect","DataVision Ltd","SQL, Python, Deep Learning, TensorFlow"
"Senior level Scientist","Future Systems","Hadoop, Mathematics, R, Git, Python"
"AI Senior level Scientist","Neural Networks Co","Computer Vision, Spark, Linux, GCP, Python"
"AI Specialist","Neural Networks Co","Python, SQL, TensorFlow"
"AI Product Manager","AI Innovations","GCP, Python, Spark, TensorFlow, Statistics"
"Senior level Scientist","Predictive Systems","Java, Python, Deep Learning, Azure"
"Robotics Engineer","Smart Analytics","Linux, Java, Azure, Statistics, Python"
"Autonomous Systems Engineer","Machine Intelligence Group","GCP, TensorFlow, Python, Linux"
"AI Architect","Smart Analytics","Python, TensorFlow, NLP"
"Machine Learning Senior level","DataVision Ltd","Mathematics, Python, MLOps, TensorFlow, Spark"
"AI Product Manager","Predictive Systems","Azure, Python, Kubernetes, AWS"
"Head of AI","Smart Analytics","Kubernetes, Python, Computer Vision, Git, Linux"
"AI Architect","Cloud AI Solutions","GCP, PyTorch, Python"
"Robotics Engineer","DeepTech Ventures","Data Visualization, Docker, Python"
"Data Engineer","Quantum Computing Inc","Git, Python, MLOps, Deep Learning"
"Computer Vision Engineer","Smart Analytics","Linux, MLOps, Docker, Python, AWS"
"Head of AI","Machine Intelligence Group","Python, TensorFlow, Deep Learning"
"AI Architect","DeepTech Ventures","Python, Mathematics, Spark, Data Visualization, GCP"
"Principal Data Scientist","AI Innovations","Python, Linux, Data Visualization"
"AI Product Manager","Autonomous Tech","Python, Scala, NLP, Deep Learning"
"NLP Engineer","DeepTech Ventures","TensorFlow, MLOps, Python"
"Deep Learning Engineer","Smart Analytics","Scala, AWS, Python"
"AI Architect","AI Innovations","AWS, Tableau, Python, Computer Vision"
"Data Scientist","TechCorp Inc","Python, Git, Mathematics"
"AI Specialist","Digital Transformation LLC","R, Java, Python, Data Visualization, TensorFlow"
"Data Analyst","Autonomous Tech","Tableau, R, Statistics, Python"
"Head of AI","AI Innovations","R, MLOps, Linux, Hadoop, Python"
"AI Software Engineer","Neural Networks Co","Java, Scala, Mathematics, Python, SQL"
"NLP Engineer","Advanced Robotics","Hadoop, Deep Learning, TensorFlow, Statistics, Python"
"Head of AI","Quantum Computing Inc","Python, MLOps, TensorFlow"
"AI Software Engineer","Cognitive Computing","Tableau, Deep Learning, NLP, Python"
"Data Analyst","Cloud AI Solutions","Python, TensorFlow, Data Visualization"
"Deep Learning Engineer","AI Innovations","MLOps, Tableau, Python"
"AI Specialist","DeepTech Ventures","SQL, Spark, Data Visualization, Python, Docker"
"Machine Learning Engineer","Machine Intelligence Group","Mathematics, Python, MLOps, Scala"
"Computer Vision Engineer","Autonomous Tech","Python, Kubernetes, SQL, Deep Learning"
"AI Architect","Neural Networks Co","Python, Kubernetes, NLP, Computer Vision"
"AI Architect","TechCorp Inc","SQL, Python, Hadoop, Linux, Java"
"Machine Learning Engineer","Future Systems","Python, PyTorch, MLOps, Hadoop"
"Data Analyst","Cloud AI Solutions","Deep Learning, Computer Vision, Python, SQL, Data Visualization"
"Computer Vision Engineer","Algorithmic Solutions","Python, Tableau, Spark"
"Machine Learning Engineer","Cloud AI Solutions","Tableau, Deep Learning, Python, Data Visualization"
"ML Ops Engineer","Autonomous Tech","Azure, Python, SQL"
"Senior level Scientist","AI Innovations","Python, GCP, TensorFlow, Kubernetes, Hadoop"
"AI Specialist","DataVision Ltd","Deep Learning, Python, TensorFlow"
"Computer Vision Engineer","Machine Intelligence Group","Java, Python, MLOps"
"Autonomous Systems Engineer","Autonomous Tech","Java, Python, Statistics, Kubernetes, Scala"
"Data Scientist","Machine Intelligence Group","Scala, Spark, Java, GCP, Python"
"NLP Engineer","Quantum Computing Inc","Python, Mathematics, Kubernetes"
"AI Software Engineer","TechCorp Inc","TensorFlow, R, Computer Vision, Docker, Python"
"Autonomous Systems Engineer","Quantum Computing Inc","Tableau, GCP, Python"
"Data Engineer","DeepTech Ventures","Spark, Tableau, Python, TensorFlow, Computer Vision"
"AI Product Manager","AI Innovations","Git, Tableau, Python, PyTorch"
"Data Engineer","Predictive Systems","TensorFlow, Python, Spark"
"Data Scientist","Digital Transformation LLC","Computer Vision, Python, Linux, Scala, Mathematics"
"AI Specialist","Future Systems","Python, Scala, Data Visualization"
"Machine Learning Senior level","Predictive Systems","Linux, TensorFlow, Python"
"Machine Learning Engineer","Advanced Robotics","Deep Learning, Python, Java, Data Visualization"
"AI Architect","Neural Networks Co","Python, Linux, Deep Learning"
"AI Senior level Scientist","DataVision Ltd","Python, Tableau, Azure"
"Head of AI","Algorithmic Solutions","SQL, Python, TensorFlow"
"Head of AI","Smart Analytics","Python, R, Java, Git"
"AI Software Engineer","Cloud AI Solutions","Python, Git, TensorFlow"
"Machine Learning Engineer","DataVision Ltd","Kubernetes, Python, Computer Vision, TensorFlow"
"Deep Learning Engineer","Neural Networks Co","Scala, Python, Deep Learning"
"AI Senior level Scientist","TechCorp Inc","Python, TensorFlow, PyTorch, Linux, R"
"Data Analyst","Neural Networks Co","Python, Computer Vision, AWS, Scala"
"Senior level Scientist","Advanced Robotics","Git, Mathematics, SQL, Python, Statistics"
"Data Scientist","DeepTech Ventures","R, Python, Git"
"AI Software Engineer","Autonomous Tech","TensorFlow, Git, Python"
"AI Architect","Predictive Systems","SQL, AWS, NLP, Python, TensorFlow"
"Deep Learning Engineer","DeepTech Ventures","MLOps, SQL, Python"
"AI Senior level Scientist","Cloud AI Solutions","Python, AWS, Tableau, Linux"
"Machine Learning Engineer","TechCorp Inc","AWS, Python, Hadoop"
"NLP Engineer","Quantum Computing Inc","Hadoop, AWS, TensorFlow, MLOps, Python"
"Data Engineer","Cognitive Computing","Kubernetes, Linux, Python"
"Senior level Scientist","Algorithmic Solutions","Spark, AWS, Python, TensorFlow"
"Data Engineer","Cloud AI Solutions","Tableau, Scala, Python"
"AI Senior level Scientist","Cloud AI Solutions","SQL, Python, Azure, Hadoop"
"Data Scientist","Predictive Systems","Hadoop, Computer Vision, Data Visualization, Python, NLP"
"Principal Data Scientist","TechCorp Inc","Python, TensorFlow, Tableau, MLOps, R"
"Data Scientist","Future Systems","SQL, Tableau, Kubernetes, Python, Data Visualization"
"Data Scientist","Cloud AI Solutions","Hadoop, Python, Tableau"
"AI Consultant","Advanced Robotics","Deep Learning, Python, NLP, GCP, MLOps"
"NLP Engineer","TechCorp Inc","Python, Scala, Deep Learning"
"Senior level Scientist","Future Systems","GCP, Linux, Python, TensorFlow"
"Autonomous Systems Engineer","TechCorp Inc","Mathematics, SQL, NLP, Spark, Python"
"Deep Learning Engineer","Advanced Robotics","R, Python, Data Visualization"
"AI Software Engineer","Algorithmic Solutions","Scala, Deep Learning, Kubernetes, Python"
"Autonomous Systems Engineer","Neural Networks Co","Python, PyTorch, SQL"
"Data Analyst","Future Systems","Python, Spark, Deep Learning, Linux, TensorFlow"
"NLP Engineer","Algorithmic Solutions","Python, Linux, TensorFlow, PyTorch, Deep Learning"
"NLP Engineer","TechCorp Inc","Python, Mathematics, MLOps, Scala, AWS"
"AI Architect","Digital Transformation LLC","SQL, Git, MLOps, PyTorch, Python"
"Senior level Scientist","TechCorp Inc","GCP, Computer Vision, MLOps, Python"
"Data Analyst","Algorithmic Solutions","Python, R, Spark, Scala, Deep Learning"
"AI Architect","Predictive Systems","Python, Computer Vision, Kubernetes"
"Robotics Engineer","DataVision Ltd","Scala, Spark, Hadoop, Python"
"Autonomous Systems Engineer","Future Systems","GCP, Python, Tableau, TensorFlow"
"Machine Learning Engineer","Future Systems","MLOps, TensorFlow, Python, SQL, AWS"
"Deep Learning Engineer","Digital Transformation LLC","Python, Docker, MLOps, Java, TensorFlow"
"Data Engineer","Autonomous Tech","Kubernetes, Python, Tableau, Linux"
"AI Consultant","DeepTech Ventures","Git, Azure, Python, Computer Vision"
"ML Ops Engineer","Advanced Robotics","Linux, Tableau, Python, TensorFlow, Docker"
"Computer Vision Engineer","AI Innovations","R, Python, Computer Vision"
"ML Ops Engineer","Algorithmic Solutions","Data Visualization, Linux, Python, Hadoop"
"Machine Learning Senior level","Neural Networks Co","Python, SQL, Kubernetes, R, TensorFlow"
"Senior level Scientist","DataVision Ltd","SQL, Scala, MLOps, Python"
"AI Architect","Smart Analytics","Python, GCP, TensorFlow"
"Machine Learning Engineer","Predictive Systems","Hadoop, MLOps, Python, TensorFlow"
"AI Product Manager","Advanced Robotics","Java, Tableau, R, Python"
"AI Senior level Scientist","Autonomous Tech","Python, Hadoop, Tableau, R"
"ML Ops Engineer","Neural Networks Co","Tableau, Python, Java"
"AI Specialist","DataVision Ltd","SQL, Linux, Kubernetes, Python"
"Data Engineer","TechCorp Inc","Python, Scala, Mathematics, R, Java"
"ML Ops Engineer","Autonomous Tech","Azure, GCP, Python, Deep Learning, Linux"
"AI Consultant","Autonomous Tech","Statistics, Python, Kubernetes, Tableau, Azure"
"AI Architect","Algorithmic Solutions","Python, Spark, MLOps"
"AI Software Engineer","Smart Analytics","AWS, Git, Python, Spark, NLP"
"AI Senior level Scientist","Digital Transformation LLC","Deep Learning, Python, TensorFlow, MLOps"
"Deep Learning Engineer","Neural Networks Co","Python, Spark, PyTorch, Linux, Docker"
"AI Software Engineer","TechCorp Inc","Spark, Python, SQL"
"AI Product Manager","Cognitive Computing","AWS, Kubernetes, Python, Scala, Mathematics"
"Computer Vision Engineer","Cognitive Computing","Hadoop, Kubernetes, Python"
"ML Ops Engineer","Autonomous Tech","Git, Python, MLOps"
"ML Ops Engineer","Quantum Computing Inc","Git, Hadoop, Python"
"AI Software Engineer","Algorithmic Solutions","Azure, Python, MLOps, Statistics"
"AI Specialist","Advanced Robotics","Azure, Statistics, Python, Hadoop"
"Robotics Engineer","Quantum Computing Inc","Python, SQL, MLOps"
"AI Software Engineer","Smart Analytics","Python, GCP, Java, Linux, Spark"
"Autonomous Systems Engineer","DataVision Ltd","SQL, Computer Vision, Python, Spark"
"Deep Learning Engineer","Neural Networks Co","GCP, Mathematics, Hadoop, Docker, Python"
"AI Software Engineer","Cognitive Computing","Python, Azure, Deep Learning, SQL"
"AI Senior level Scientist","DataVision Ltd","Python, TensorFlow, GCP"
"AI Specialist","Autonomous Tech","Python, Data Visualization, MLOps, SQL, Mathematics"
"Machine Learning Engineer","Predictive Systems","Computer Vision, Python, Data Visualization, NLP, GCP"
"NLP Engineer","AI Innovations","Java, Azure, Tableau, Python"
"Head of AI","Quantum Computing Inc","Python, SQL, Spark, Hadoop, NLP"
"Deep Learning Engineer","AI Innovations","Python, SQL, Java, Mathematics, Hadoop"
"Autonomous Systems Engineer","Neural Networks Co","Mathematics, Python, R, MLOps"
"Head of AI","Cloud AI Solutions","Kubernetes, AWS, Python, Scala"
"Machine Learning Senior level","Algorithmic Solutions","Python, NLP, Linux"
"Senior level Scientist","TechCorp Inc","Python, Linux, Kubernetes, Hadoop"
"AI Architect","Cognitive Computing","Python, Kubernetes, AWS, Git, Spark"
"AI Senior level Scientist","Predictive Systems","Data Visualization, Statistics, Python"
"Deep Learning Engineer","Future Systems","Python, Hadoop, Spark"
"AI Consultant","DataVision Ltd","TensorFlow, Kubernetes, Docker, Java, Python"
"Robotics Engineer","Predictive Systems","GCP, Azure, Data Visualization, Python, Scala"
"Data Engineer","Autonomous Tech","Python, Deep Learning, TensorFlow, Data Visualization, Azure"
"Senior level Scientist","Cognitive Computing","R, Spark, Python, Mathematics, Docker"
"Data Scientist","Digital Transformation LLC","Azure, Data Visualization, Python, PyTorch, Java"
"AI Senior level Scientist","Future Systems","GCP, Python, PyTorch, AWS, NLP"
"Deep Learning Engineer","Future Systems","Python, Hadoop, Tableau"
"Robotics Engineer","Cognitive Computing","Python, Scala, Linux, Computer Vision, Kubernetes"
"Head of AI","Cognitive Computing","MLOps, Linux, SQL, Python, AWS"
"ML Ops Engineer","DataVision Ltd","SQL, Python, Docker"
"Machine Learning Engineer","Future Systems","Linux, Python, TensorFlow"
"AI Consultant","DataVision Ltd","Python, TensorFlow, PyTorch, Docker"
"Robotics Engineer","Smart Analytics","R, Python, GCP, Computer Vision"
"AI Architect","Advanced Robotics","Python, TensorFlow, Computer Vision, Java"
"ML Ops Engineer","Cloud AI Solutions","Python, Linux, TensorFlow, AWS, MLOps"
"NLP Engineer","Cognitive Computing","Python, Azure, Docker, Linux, NLP"
"Head of AI","AI Innovations","Data Visualization, R, Python, Azure"
"AI Specialist","Digital Transformation LLC","Deep Learning, R, Python, Computer Vision"
"Machine Learning Senior level","Autonomous Tech","MLOps, Java, PyTorch, Python"
"AI Specialist","Digital Transformation LLC","GCP, TensorFlow, Mathematics, Java, Python"
"AI Product Manager","AI Innovations","Python, Git, Scala, R, Spark"
"NLP Engineer","Cognitive Computing","Python, Docker, AWS, Git"
"Data Scientist","Smart Analytics","SQL, Python, Hadoop, Scala"
"Computer Vision Engineer","Smart Analytics","Deep Learning, Spark, Tableau, NLP, Python"
"Deep Learning Engineer","Quantum Computing Inc","Spark, Computer Vision, SQL, Python, TensorFlow"
"ML Ops Engineer","TechCorp Inc","R, Hadoop, TensorFlow, Python"
"AI Software Engineer","Quantum Computing Inc","Mathematics, TensorFlow, Python, Spark"
"Data Scientist","Cloud AI Solutions","Linux, Python, R, GCP"
"AI Product Manager","AI Innovations","MLOps, Python, Git, R"
"Principal Data Scientist","TechCorp Inc","Kubernetes, Python, Linux"
"Robotics Engineer","Neural Networks Co","Git, Data Visualization, Python, Mathematics"
"Data Analyst","Neural Networks Co","Python, Git, Mathematics, TensorFlow, AWS"
"AI Senior level Scientist","TechCorp Inc","Python, AWS, Statistics, Hadoop, TensorFlow"
"AI Software Engineer","Algorithmic Solutions","Data Visualization, Python, TensorFlow"
"Data Scientist","Algorithmic Solutions","NLP, Python, SQL"
"Data Analyst","Smart Analytics","GCP, Azure, Kubernetes, Python"
"AI Specialist","Smart Analytics","Python, Mathematics, R, Computer Vision, Linux"
"AI Architect","Smart Analytics","Python, SQL, PyTorch"
"Senior level Scientist","DeepTech Ventures","Data Visualization, Mathematics, Python, MLOps"
"ML Ops Engineer","Cognitive Computing","Python, SQL, R"
"Data Scientist","Algorithmic Solutions","Python, GCP, AWS, TensorFlow"
"AI Product Manager","Advanced Robotics","GCP, Hadoop, Python, Deep Learning"
